{
  "project_info": {
    "project_number": "537428807676",
    "project_id": "studyboddy-a1aaa",
    "storage_bucket": "studyboddy-a1aaa.firebasestorage.app"
  },
  "client": [
    {
      "client_info": {
        "mobilesdk_app_id": "1:537428807676:android:cced90423df78c76b6ac79",
        "android_client_info": {
          "package_name": "com.example.study_buddy"
        }
      },
      "oauth_client": [],
      "api_key": [
        {
          "current_key": "AIzaSyDJ0nk_wbfWLGvVWKtnPF7EpuAh2eAEwKo"
        }
      ],
      "services": {
        "appinvite_service": {
          "other_platform_oauth_client": []
        }
      }
    }
  ],
  "configuration_version": "1"
}